City_ID,City,Lat,Lng,Max Temp,Humidity,Cloudiness,Wind Speed,Country,Date
0,canutama,-6.5339,-64.3831,23.11,97,90,1.08,BR,1676080010
1,avarua,-21.2078,-159.775,28.03,78,20,4.63,CK,1676080011
2,broken hill,-31.95,141.4333,31.14,20,0,4.48,AU,1676080011
3,kapaa,22.0752,-159.319,27.99,70,40,8.75,US,1676080012
4,puerto ayora,-0.7393,-90.3518,26.42,94,98,1.34,EC,1676080012
5,high level,58.5169,-117.136,-9.94,92,100,2.06,CA,1676080013
6,dhidhdhoo,6.8833,73.1,26.42,74,42,1.76,MV,1676080014
7,xinqing,48.2333,129.5,-8.77,85,100,0.54,CN,1676080014
8,ingham,42.6,-84.3833,-1.43,67,100,5.66,US,1676080015
9,provideniya,64.3833,-173.3,-26.42,88,100,3.18,RU,1676080015
10,baruun-urt,46.6806,113.2792,-14.99,87,88,2.58,MN,1676080016
11,coruripe,-10.1256,-36.1756,25.86,79,100,4.98,BR,1676080017
12,arraial do cabo,-22.9661,-42.0278,24.11,93,100,7.63,BR,1676080017
13,new norfolk,-42.7826,147.0587,22.06,43,13,1.36,AU,1676080018
14,victoria,22.2855,114.1577,21.65,91,98,4.92,HK,1676079764
15,mayo,38.8876,-76.5119,10.08,57,0,4.63,US,1676079859
16,hobart,-42.8794,147.3294,21.81,71,75,3.6,AU,1676079818
17,hermanus,-34.4187,19.2345,20.45,80,0,4.56,ZA,1676080019
18,punta arenas,-53.15,-70.9167,10.06,57,0,8.75,CL,1676080020
19,torbay,47.6666,-52.7314,-3.74,93,100,13.38,CA,1676080020
20,mount isa,-20.7333,139.5,32.87,40,9,6.17,AU,1676080021
21,fortuna,40.5982,-124.1573,9.19,90,100,0.45,US,1676079802
22,bluff,-46.6,168.3333,20.45,65,44,6.24,NZ,1676080022
23,chokurdakh,70.6333,147.9167,-45.4,99,69,2.04,RU,1676080023
24,bambous virieux,-20.3428,57.7575,26.23,78,75,3.09,MU,1676080024
25,lavrentiya,65.5833,-171.0,-28.48,87,34,4.74,RU,1676080024
26,ushuaia,-54.8,-68.3,9.81,93,75,1.03,AR,1676080025
27,san cristobal,7.7669,-72.225,21.1,86,57,0.89,VE,1676079876
28,lebu,-37.6167,-73.65,14.99,85,0,6.24,CL,1676080026
29,souillac,-20.5167,57.5167,25.21,78,75,3.09,MU,1676080027
30,biak,-0.9131,122.8766,27.62,67,100,1.1,ID,1676080028
31,busselton,-33.65,115.3333,21.46,42,0,3.68,AU,1676080028
32,pangnirtung,66.1451,-65.7125,-38.23,93,89,1.21,CA,1676080029
33,kampot,10.6167,104.1833,27.03,63,63,2.89,KH,1676080030
34,vaini,-21.2,-175.2,28.09,89,75,4.63,TO,1676080030
35,springbok,-29.6643,17.8865,20.22,45,0,1.35,ZA,1676080031
36,ostrovnoy,68.0531,39.5131,-7.41,96,100,2.77,RU,1676080032
37,cape town,-33.9258,18.4232,21.06,68,0,0.51,ZA,1676080014
38,paamiut,61.994,-49.6678,-17.53,88,75,3.88,GL,1676080033
39,hasaki,35.7333,140.8333,10.22,51,0,11.92,JP,1676080034
40,barrow,71.2906,-156.7887,-22.99,77,100,9.26,US,1676080034
41,nikolskoye,59.7035,30.7861,-2.06,88,100,4.08,RU,1676080035
42,kungurtug,50.5994,97.5228,-19.6,99,100,0.24,RU,1676080036
43,olinda,-8.0089,-34.8553,27.85,69,40,2.57,BR,1676080036
44,albany,42.6001,-73.9662,5.13,74,41,0.45,US,1676079627
45,rocky mountain house,52.3668,-114.9188,5.06,30,3,5.14,CA,1676080037
46,upernavik,72.7868,-56.1549,-26.78,93,100,2.34,GL,1676080038
47,butaritari,3.0707,172.7902,27.3,77,36,9.29,KI,1676080039
48,comodoro rivadavia,-45.8667,-67.5,22.92,25,0,9.26,AR,1676080039
49,jamestown,42.097,-79.2353,0.29,87,100,6.69,US,1676080040
50,carnarvon,-24.8667,113.6333,27.86,51,5,9.03,AU,1676080041
51,pochutla,15.7432,-96.4661,26.9,71,0,1.98,MX,1676080042
52,zeya,53.75,127.2667,-18.1,86,61,0.75,RU,1676080043
53,vero beach,27.6386,-80.3973,24.99,80,75,6.17,US,1676079853
54,mar del plata,-38.0023,-57.5575,24.01,100,0,3.6,AR,1676080044
55,richards bay,-28.783,32.0377,22.29,92,100,5.06,ZA,1676080045
56,mana,5.6592,-53.7767,24.3,82,76,4.71,GF,1676080046
57,korla,41.7597,86.1469,0.64,50,100,5.01,CN,1676080046
58,marshfield,44.6689,-90.1718,-4.51,63,0,2.57,US,1676080047
59,kholodnyy,62.7167,147.95,-24.83,83,100,1.02,RU,1676080048
60,houma,29.5958,-90.7195,13.0,87,40,3.09,US,1676079895
61,atasu,48.6814,71.6433,-13.14,96,100,3.43,KZ,1676080049
62,rikitea,-23.1203,-134.9692,26.53,75,100,7.85,PF,1676080050
63,piacabucu,-10.4056,-36.4344,26.07,78,100,4.75,BR,1676080049
64,yerbogachen,61.2767,108.0108,-27.98,98,95,2.9,RU,1676080051
65,klaksvik,62.2266,-6.589,8.51,83,100,10.62,FO,1676080052
66,garden city,42.3256,-83.331,0.53,65,75,7.2,US,1676079922
67,tuktoyaktuk,69.4541,-133.0374,-28.0,76,100,8.75,CA,1676080053
68,mutuipe,-13.2286,-39.5047,21.4,98,22,1.28,BR,1676080054
69,price,39.5994,-110.8107,-1.41,34,0,0.0,US,1676080054
70,napanee,44.2501,-76.9494,1.91,75,83,7.09,CA,1676079923
71,saint-felicien,48.6501,-72.4491,-8.62,86,100,4.12,CA,1676080055
72,bredasdorp,-34.5322,20.0403,19.24,89,0,3.68,ZA,1676080056
73,saint george,37.1041,-113.5841,14.33,14,0,6.17,US,1676079760
74,yuzhou,34.1628,113.4639,3.41,88,100,1.12,CN,1676080057
75,eureka,40.8021,-124.1637,9.34,93,100,0.45,US,1676079929
76,bud,39.447,-86.1758,2.01,81,0,3.08,US,1676080058
77,mataura,-46.1927,168.8643,20.27,36,35,0.94,NZ,1676080058
78,casino,-28.8667,153.05,29.88,30,0,1.67,AU,1676080059
79,luanda,-8.8368,13.2343,26.0,82,12,3.09,AO,1676080060
80,kavaratti,10.5669,72.642,26.59,78,100,3.55,IN,1676080060
81,hilo,19.7297,-155.09,23.85,77,100,2.06,US,1676080061
82,khandbari,27.3747,87.2039,13.32,54,0,0.43,NP,1676080062
83,longyearbyen,78.2186,15.6401,-6.09,79,75,5.14,SJ,1676079767
84,meulaboh,4.1363,96.1285,25.09,83,87,2.24,ID,1676080062
85,sitka,57.0531,-135.33,3.94,60,100,6.17,US,1676080063
86,truro,50.2653,-5.0544,8.6,100,75,1.54,GB,1676080064
87,laguna,38.421,-121.4238,14.08,66,0,7.2,US,1676080064
88,dikson,73.5069,80.5464,-16.48,95,100,5.3,RU,1676080065
89,la ronge,55.1001,-105.2842,-4.86,93,100,5.66,CA,1676079924
90,nelson bay,-32.7167,152.15,32.03,73,6,4.47,AU,1676080066
91,lamesa,32.7376,-101.951,1.96,31,0,3.32,US,1676080067
92,srednekolymsk,67.45,153.6833,-39.02,96,80,1.72,RU,1676080067
93,disna,55.568,28.1971,-2.41,92,100,5.66,BY,1676080068
94,east london,-33.0153,27.9116,21.73,81,87,3.57,ZA,1676080058
95,nuuk,64.1835,-51.7216,-20.69,95,100,3.08,GL,1676080069
96,monte patria,-30.6919,-70.9467,24.53,57,3,1.53,CL,1676080070
97,touros,-5.1989,-35.4608,26.71,70,37,5.79,BR,1676080070
98,pasrur,32.2641,74.6634,9.95,57,99,0.58,PK,1676080071
99,hobyo,5.3505,48.5268,24.52,73,100,9.57,SO,1676080072
100,viedma,-40.8135,-62.9967,23.3,55,0,6.16,AR,1676079787
101,georgetown,5.4112,100.3354,28.96,89,20,2.06,MY,1676079847
102,saskylakh,71.9167,114.0833,-43.38,99,58,3.21,RU,1676080073
103,morro bay,35.3658,-120.8499,14.41,83,100,2.68,US,1676079867
104,coquimbo,-29.9533,-71.3436,18.85,88,20,3.09,CL,1676080058
105,port lincoln,-34.7333,135.8667,22.0,60,0,7.13,AU,1676080074
106,atuona,-9.8,-139.0333,26.16,75,7,6.79,PF,1676080075
107,nabire,-3.3667,135.4833,29.44,66,93,1.85,ID,1676080076
108,portland,45.5234,-122.6762,11.52,79,46,1.79,US,1676080000
109,kruisfontein,-34.0033,24.7314,16.91,95,10,2.45,ZA,1676080077
110,alofi,-19.0595,-169.9187,20.94,100,75,4.12,NU,1676080077
111,takoradi,4.8845,-1.7554,25.92,88,3,2.34,GH,1676080078
112,port alfred,-33.5906,26.891,21.21,92,100,5.72,ZA,1676080078
113,qaanaaq,77.484,-69.3632,-29.36,68,13,1.22,GL,1676080079
114,yulara,-25.2406,130.9889,36.57,16,0,4.45,AU,1676079986
115,kaka,37.3482,59.6143,-3.2,68,16,1.46,TM,1676080080
116,moussoro,13.6408,16.4901,20.33,12,5,5.33,TD,1676080080
117,oyon,-10.6681,-76.7731,9.54,87,100,0.72,PE,1676080081
118,castro,-24.7911,-50.0119,16.96,97,99,2.2,BR,1676079872
119,kununurra,-15.7667,128.7333,25.99,89,100,5.66,AU,1676080082
120,san luis,-33.295,-66.3356,26.15,28,47,2.92,AR,1676080083
121,leningradskiy,69.3833,178.4167,-29.05,96,100,5.28,RU,1676080083
122,norman wells,65.282,-126.8329,-21.98,77,75,3.6,CA,1676080084
123,cherskiy,68.75,161.3,-38.14,95,92,2.22,RU,1676080085
124,lagos,6.5833,3.75,28.18,89,2,1.38,NG,1676079752
125,beringovskiy,63.05,179.3167,-28.57,91,35,5.0,RU,1676080086
126,kiama,-34.6833,150.8667,32.92,67,19,5.36,AU,1676079990
127,saint-philippe,-21.3585,55.7679,24.77,81,14,3.73,RE,1676080087
128,birin,26.8865,88.0718,10.0,69,30,0.7,NP,1676080088
129,padang,-0.9492,100.3543,26.03,72,36,2.04,ID,1676080089
130,airai,-8.9266,125.4092,20.28,79,99,2.35,TL,1676080089
131,yar-sale,66.8333,70.8333,-11.15,96,40,4.61,RU,1676080090
132,lazaro cardenas,17.9583,-102.2,24.47,74,0,2.39,MX,1676080091
133,ribeira grande,38.5167,-28.7,14.32,82,89,1.34,PT,1676080091
134,kodiak,57.79,-152.4072,3.73,81,75,0.0,US,1676080092
135,sao filipe,14.8961,-24.4956,21.16,76,100,3.21,CV,1676080093
136,port elizabeth,-33.918,25.5701,21.16,88,75,4.12,ZA,1676080094
137,san pedro de macoris,18.4616,-69.2972,25.07,88,0,5.1,DO,1676080095
138,micheweni,-4.9667,39.8333,26.84,76,44,4.83,TZ,1676080095
139,griffith,41.5284,-87.4237,0.29,62,0,3.09,US,1676079905
140,chervone,49.9564,28.8645,-3.21,95,100,3.47,UA,1676080097
141,gua musang,4.8823,101.9644,25.3,87,88,0.71,MY,1676080097
142,harper,4.375,-7.7169,26.0,85,3,1.41,LR,1676080098
143,kibray,41.3873,69.4641,-4.71,65,0,1.87,UZ,1676080099
144,progreso,21.2833,-89.6667,25.62,83,82,4.81,MX,1676080100
145,kamenka,51.3223,42.7678,-9.79,92,32,4.94,RU,1676080101
146,waingapu,-9.6567,120.2641,28.75,72,100,3.86,ID,1676080102
147,shar,49.5886,81.0453,-12.91,82,84,5.61,KZ,1676080102
148,luderitz,-26.6481,15.1594,16.75,97,59,1.74,NA,1676080103
149,sao joao da barra,-21.6403,-41.0511,25.1,88,100,8.25,BR,1676080104
150,sembe,1.6481,14.5806,22.54,45,28,0.93,CG,1676080105
151,khatanga,71.9667,102.5,-30.18,87,100,4.55,RU,1676080105
152,kaitangata,-46.2817,169.8464,17.24,63,56,5.14,NZ,1676080106
153,omboue,-1.5746,9.2618,26.33,88,100,1.89,GA,1676080107
154,bandarbeyla,9.4942,50.8122,24.54,67,83,8.56,SO,1676080108
155,tres arroyos,-38.3739,-60.2798,26.55,35,12,2.29,AR,1676080109
156,cockburn town,21.4612,-71.1419,25.03,78,0,11.65,TC,1676079842
157,sheridan,44.8333,-106.9173,2.95,71,0,0.0,US,1676079911
158,benguela,-12.5763,13.4055,22.98,79,34,1.87,AO,1676080111
159,tasiilaq,65.6145,-37.6368,-6.91,97,100,0.64,GL,1676080112
160,riwaka,-41.0833,173.0,21.32,57,80,3.1,NZ,1676080112
161,alice springs,-23.7,133.8833,35.75,16,0,6.17,AU,1676080113
162,mareeba,-17.0,145.4333,29.69,72,100,3.25,AU,1676080114
163,ilulissat,69.2167,-51.1,-22.99,70,100,3.6,GL,1676080114
164,tarko-sale,64.9225,77.785,-12.1,94,76,6.97,RU,1676080115
165,kamaishi,39.2667,141.8833,4.5,80,85,5.32,JP,1676080115
166,bubaque,11.2833,-15.8333,23.55,75,2,5.41,GW,1676080116
167,lasa,46.6166,10.7002,-0.87,47,86,2.12,IT,1676080117
168,puerto cabezas,14.0351,-83.3888,23.61,87,6,4.36,NI,1676080117
169,burnie,-41.0667,145.9167,23.86,51,24,3.92,AU,1676080118
170,peace river,56.2501,-117.286,5.17,65,75,4.63,CA,1676080118
171,winchester,51.0651,-1.3187,8.46,91,100,2.06,GB,1676080113
172,jiayuguan,39.8167,98.3,-3.94,46,100,3.42,CN,1676080119
173,margate,51.3813,1.3862,6.5,85,100,0.89,GB,1676080120
174,dunedin,-45.8742,170.5036,16.24,72,57,5.81,NZ,1676079866
175,quelimane,-17.8786,36.8883,23.97,94,75,0.0,MZ,1676080121
176,porosozero,62.7191,32.727,-6.9,92,100,4.65,RU,1676080121
177,keflavik,64.0049,-22.5624,4.95,93,100,6.17,IS,1676080122
178,hamilton,39.1834,-84.5333,2.83,80,40,2.57,US,1676079745
179,antofagasta,-23.65,-70.4,22.6,78,24,1.2,CL,1676080058
180,husavik,66.0449,-17.3389,3.04,73,96,8.05,IS,1676080124
181,harjavalta,61.3167,22.1333,-2.15,94,100,1.11,FI,1676080124
182,doha,25.2867,51.5333,14.99,67,0,5.14,QA,1676080125
183,taltal,-25.4,-70.4833,20.56,81,8,0.33,CL,1676080126
184,chuy,-33.6971,-53.4616,22.21,86,0,3.23,UY,1676080126
185,fare,-16.7,-151.0167,27.39,74,15,4.01,PF,1676080127
186,mandan,46.8267,-100.8896,1.99,73,0,4.12,US,1676080127
187,gympie,-26.1898,152.665,34.23,26,0,1.94,AU,1676080035
188,straumen,63.8709,11.2999,-2.0,92,98,1.82,NO,1676080128
189,ponta do sol,32.6667,-17.1,13.89,80,100,4.29,PT,1676080129
190,mahebourg,-20.4081,57.7,26.25,78,75,3.09,MU,1676080129
191,constitucion,-35.3333,-72.4167,15.03,73,0,6.96,CL,1676079967
192,acapulco,16.8634,-99.8901,27.9,61,0,3.6,MX,1676080058
193,los llanos de aridane,28.6585,-17.9182,13.86,93,75,1.03,ES,1676080131
194,yellowknife,62.456,-114.3525,-17.47,85,75,5.66,CA,1676080131
195,hollabrunn,48.55,16.0833,1.44,82,25,0.89,AT,1676080133
196,muros,42.7762,-9.0603,2.6,63,0,3.21,ES,1676080133
197,berdigestyakh,62.0989,126.6992,-31.47,96,99,0.48,RU,1676080134
198,kinablangan,7.6947,126.5503,26.23,84,46,2.61,PH,1676080134
199,tshikapa,-6.4167,20.8,23.14,79,100,0.56,CD,1676080135
200,hithadhoo,-0.6,73.0833,27.41,66,28,4.55,MV,1676080136
201,byron bay,-28.65,153.6167,29.97,53,0,4.42,AU,1676079978
202,thompson,55.7435,-97.8558,-9.91,79,75,3.09,CA,1676079925
203,pisco,-13.7,-76.2167,23.03,94,0,7.72,PE,1676080137
204,kahului,20.8947,-156.47,26.01,69,40,9.77,US,1676079845
205,talnakh,69.4865,88.3972,-14.95,96,100,6.6,RU,1676080138
206,santiago de cao,-7.9589,-79.2392,21.07,94,40,1.54,PE,1676080139
207,nurota,40.5614,65.6886,-5.1,42,0,3.54,UZ,1676080140
208,esperance,-33.8667,121.9,19.92,62,55,6.15,AU,1676080140
209,necochea,-38.5473,-58.7368,26.06,58,87,6.79,AR,1676080141
210,wattegama,6.7989,81.4808,21.73,85,100,1.48,LK,1676080142
211,cabo san lucas,22.8909,-109.9124,24.17,38,20,3.6,MX,1676079968
212,manono,-7.3,27.4167,19.88,96,98,1.28,CD,1676080144
213,biltine,14.5333,20.9167,21.47,13,3,3.89,TD,1676080145
214,bassila,9.0081,1.6654,24.57,18,0,0.9,BJ,1676080146
215,ngaoundere,7.3167,13.5833,18.19,19,12,1.66,CM,1676080147
216,puerto quijarro,-17.7833,-57.7667,22.79,99,100,1.24,BO,1676080148
217,ketchikan,55.3422,-131.6461,4.99,81,40,0.0,US,1676080067
218,dogondoutchi,13.6393,4.0287,21.91,12,0,4.57,NE,1676080149
219,kloulklubed,7.0419,134.2556,24.28,76,100,4.21,PW,1676080150
220,katherine,-14.4667,132.2667,29.18,74,100,0.0,AU,1676080151
221,general pico,-35.6566,-63.7568,27.2,22,0,4.81,AR,1676080046
222,luquillo,18.3725,-65.7166,25.01,69,20,4.63,PR,1676080152
223,mnogovershinnyy,53.9353,139.9242,-18.32,79,18,1.94,RU,1676080153
224,havre-saint-pierre,50.2334,-63.5986,-10.0,85,100,8.23,CA,1676080154
225,daitari,21.1,85.75,19.15,70,2,1.35,IN,1676080155
226,kavieng,-2.5744,150.7967,27.23,84,100,6.83,PG,1676080156
227,tamandare,-8.7597,-35.1047,25.64,78,74,3.68,BR,1676080157
228,maniitsoq,65.4167,-52.9,-22.17,98,70,4.2,GL,1676080158
229,okakarara,-20.5833,17.4333,19.47,44,4,1.19,NA,1676080159
230,rio grande,-32.035,-52.0986,24.38,80,0,6.53,BR,1676079997
231,zarichne,51.8126,26.129,-0.96,92,100,4.3,UA,1676080161
232,ugoofaaru,5.6667,73.0,26.52,76,38,2.65,MV,1676080162
233,jining,35.405,116.5814,6.53,72,88,4.22,CN,1676080163
234,faanui,-16.4833,-151.75,27.87,68,53,5.08,PF,1676080164
235,gazli,40.1333,63.45,-3.96,49,1,2.66,UZ,1676080165
236,pevek,69.7008,170.3133,-31.49,92,100,2.82,RU,1676080166
237,buala,-8.145,159.5921,29.38,69,99,0.98,SB,1676080167
238,oranjestad,12.524,-70.027,26.06,82,20,8.75,AW,1676080096
239,qasigiannguit,68.8193,-51.1922,-22.86,99,100,1.33,GL,1676080168
240,tuatapere,-46.1333,167.6833,20.41,47,78,2.96,NZ,1676080169
241,acarau,-2.8856,-40.12,26.59,81,98,6.32,BR,1676080170
242,santa catarina de tepehuanes,25.35,-105.7333,7.15,34,73,3.06,MX,1676080171
243,qaqortoq,60.7167,-46.0333,-18.68,93,9,1.39,GL,1676080172
244,thinadhoo,0.5333,72.9333,27.23,66,34,3.61,MV,1676080173
245,vostok,46.4856,135.8833,-7.69,84,100,1.35,RU,1676080173
246,tudela,42.0617,-1.6045,0.5,67,0,2.03,ES,1676080227
247,mehamn,71.0357,27.8492,-1.03,80,100,9.26,NO,1676080228
248,bar harbor,44.3876,-68.2039,5.57,73,100,4.47,US,1676080229
249,pacific grove,36.6177,-121.9166,12.82,80,75,5.36,US,1676080230
250,hun,29.1268,15.9477,6.92,49,0,3.08,LY,1676080230
251,fairbanks,64.8378,-147.7164,-15.05,79,75,1.54,US,1676080061
252,nokaneng,-19.6667,22.2667,20.33,60,14,1.28,BW,1676080231
253,haines junction,60.7522,-137.5108,-9.03,67,90,3.09,CA,1676080232
254,kieta,-6.2167,155.6333,30.38,63,92,3.1,PG,1676080233
255,cayenne,4.9333,-52.3333,26.02,78,0,3.09,GF,1676080234
256,sistranda,63.7256,8.834,-3.02,82,99,1.03,NO,1676080234
257,marrakesh,31.6315,-8.0083,9.04,61,40,2.57,MA,1676080236
258,lamu,-2.2717,40.902,25.12,90,98,5.02,KE,1676080236
259,mount gambier,-37.8333,140.7667,19.68,67,100,6.07,AU,1676080237
260,ancud,-41.8697,-73.8203,13.98,82,57,3.16,CL,1676080238
261,port blair,11.6667,92.75,23.02,88,55,1.03,IN,1676080055
262,lom sak,16.7798,101.2422,22.94,100,4,0.0,TH,1676080239
263,lorengau,-2.0226,147.2712,27.64,76,100,2.9,PG,1676080239
264,port hedland,-20.3167,118.5667,34.03,59,40,6.69,AU,1676080055
265,shahr-e kord,32.3256,50.8644,-9.13,86,0,3.09,IR,1676080240
266,kharan,28.5833,65.4167,10.27,40,10,4.97,PK,1676080241
267,ikom,5.9667,8.7063,22.22,75,17,0.39,NG,1676080241
268,hongjiang,27.11,109.9956,9.68,92,100,1.35,CN,1676080242
269,bagotville,-28.9833,153.4167,29.92,59,0,3.92,AU,1676080243
270,san juan,-31.5375,-68.5364,31.78,32,97,0.85,AR,1676080190
271,tagusao,9.1924,117.8141,28.11,71,100,2.4,PH,1676080244
272,dungarvan,52.0881,-7.6253,9.74,88,87,2.24,IE,1676080244
273,nouadhibou,20.931,-17.0347,16.99,94,0,5.14,MR,1676080245
274,marsa matruh,31.3525,27.2453,12.11,82,40,4.12,EG,1676080245
275,vila velha,-20.3297,-40.2925,26.08,90,75,1.54,BR,1676080246
276,port hardy,50.6996,-127.4199,5.1,93,75,5.14,CA,1676080246
277,oktyabrskoye,43.0645,44.7417,-10.92,92,100,0.0,RU,1676080247
278,port augusta,-32.5,137.7667,28.28,35,0,6.09,AU,1676080248
279,plouzane,48.3833,-4.6167,8.03,93,100,1.54,FR,1676080249
280,landeck,47.1301,10.5636,-2.78,53,30,2.18,AT,1676080250
281,christchurch,-43.5333,172.6333,23.01,57,75,3.09,NZ,1676080061
282,hami,42.8,93.45,-1.57,40,100,5.1,CN,1676080253
283,katsuura,35.1333,140.3,11.03,54,2,7.79,JP,1676080253
284,vammala,61.3333,22.9,-2.46,90,100,1.5,FI,1676080254
285,vila franca do campo,37.7167,-25.4333,12.23,90,50,1.83,PT,1676080255
286,goderich,43.7501,-81.7165,-0.61,64,100,9.26,CA,1676080255
287,tobias barreto,-11.1839,-37.9983,23.73,88,3,2.95,BR,1676080256
288,saint-augustin,51.226,-58.6502,-11.46,94,100,6.52,CA,1676080256
289,saiha,22.4833,92.9667,18.03,45,0,1.11,IN,1676080257
290,kaohsiung,22.6163,120.3133,25.97,72,40,1.54,TW,1676079828
291,turayf,31.6725,38.6637,2.14,51,0,8.23,SA,1676080258
292,camacha,33.0833,-16.3333,14.68,77,40,5.14,PT,1676080259
293,union hidalgo,16.4723,-94.8295,25.03,71,0,10.12,MX,1676080259
294,jiwani,25.05,61.7417,20.25,38,0,5.89,PK,1676080260
295,kushmurun,52.4503,64.6311,-21.25,100,99,1.93,KZ,1676080261
296,vitim,59.4511,112.5578,-18.08,94,100,3.33,RU,1676080262
297,hondo,32.45,130.2,10.81,59,100,2.92,JP,1676080262
298,nanortalik,60.1432,-45.2371,-9.28,71,100,10.28,GL,1676080263
299,beloha,-25.1667,45.05,21.63,87,26,1.7,MG,1676080264
300,flinders,-34.5833,150.8552,31.21,67,19,1.79,AU,1676080265
301,sungaipenuh,-2.0833,101.3833,24.03,60,47,1.49,ID,1676080266
302,bengkulu,-3.8004,102.2655,26.91,71,31,3.69,ID,1676080266
303,sterling,39.0062,-77.4286,9.28,57,40,8.94,US,1676079551
304,quatre cocos,-20.2078,57.7625,26.16,76,19,4.11,MU,1676080267
305,kholm,59.2667,32.85,-5.14,92,94,4.7,RU,1676080268
306,samarai,-10.6167,150.6667,27.49,79,100,2.97,PG,1676080269
307,san ignacio,17.1561,-89.0714,24.08,83,0,0.0,BZ,1676080270
308,flic en flac,-20.2742,57.3631,26.4,77,2,3.3,MU,1676080270
309,rochester,43.1548,-77.6156,1.84,67,100,6.17,US,1676079721
310,praia da vitoria,38.7333,-27.0667,13.2,94,40,3.2,PT,1676080272
311,tessalit,20.1986,1.0114,22.77,14,82,3.65,ML,1676080272
312,atlantic city,39.3643,-74.4229,8.33,61,0,4.12,US,1676080120
313,vanavara,60.34,102.2797,-25.41,97,100,2.83,RU,1676080274
314,yeniseysk,58.4497,92.1703,-30.29,100,100,1.36,RU,1676080274
315,upornaya,44.3914,41.0196,-5.65,91,88,1.8,RU,1676080275
316,sanchursk,56.9413,47.2499,-6.31,92,100,6.13,RU,1676080276
317,port macquarie,-31.4333,152.9167,29.38,56,0,3.92,AU,1676080276
318,praya,14.9215,-23.5087,20.3,77,20,6.17,CV,1676080277
319,cabedelo,-6.9811,-34.8339,26.37,72,100,5.48,BR,1676080278
320,tateyama,34.9833,139.8667,10.96,55,26,8.73,JP,1676080279
321,nyagan,62.1406,65.3936,-8.02,92,100,4.29,RU,1676080279
322,severo-kurilsk,50.6789,156.125,-5.98,71,97,9.26,RU,1676080280
323,yumen,40.2833,97.2,-2.89,43,100,3.07,CN,1676080281
324,chamrajnagar,11.9167,76.95,18.16,52,95,0.39,IN,1676080282
325,den helder,52.9599,4.7593,7.99,93,100,5.81,NL,1676080283
326,aberdeen,57.1437,-2.0981,12.27,75,100,3.6,GB,1676080284
327,mansehra,34.3333,73.2,4.55,73,93,2.66,PK,1676080284
328,amapa,1.0,-52.0,22.14,99,91,1.44,BR,1676080137
329,aklavik,68.2191,-135.0107,-23.74,98,100,5.17,CA,1676080285
330,waddan,29.1614,16.139,6.84,50,0,2.97,LY,1676080286
331,joensuu,62.6012,29.7632,-5.73,86,0,4.12,FI,1676080056
332,hualmay,-11.0964,-77.6139,22.82,84,100,3.2,PE,1676080287
333,altay,47.8667,88.1167,-15.18,73,75,2.94,CN,1676080288
334,codrington,-38.2667,141.9667,24.22,50,22,6.59,AU,1676080289
335,lulea,65.5842,22.1547,-5.96,73,4,2.57,SE,1676080290
336,san patricio,28.017,-97.5169,13.8,43,3,5.76,US,1676080291
337,searcy,35.2506,-91.7363,6.66,73,100,4.63,US,1676080231
338,tiksi,71.6872,128.8694,-36.57,99,99,2.32,RU,1676080293
339,kuleshovka,47.078,39.5579,-5.59,68,1,0.69,RU,1676080293
340,velke pavlovice,48.9047,16.8161,1.31,75,27,1.61,CZ,1676080294
341,bonavista,48.6499,-53.1147,-4.0,92,100,10.57,CA,1676080294
342,jeremie,18.65,-74.1167,24.06,78,3,2.18,HT,1676080295
343,vestmannaeyjar,63.4427,-20.2734,5.41,92,100,9.15,IS,1676080295
344,perelyub,51.8667,50.3667,-13.9,98,79,3.89,RU,1676080296
345,manokwari,-0.8667,134.0833,28.02,72,78,3.32,ID,1676080297
346,zabaykalsk,49.6333,117.3167,-17.55,98,83,2.4,RU,1676080297
347,walvis bay,-22.9575,14.5053,19.53,82,5,3.6,NA,1676080059
348,barpali,21.2,83.5833,19.34,30,3,1.21,IN,1676080299
349,nanchang,28.6833,115.8833,9.53,89,100,1.76,CN,1676080299
350,lashma,54.9321,41.1438,-3.83,91,100,5.11,RU,1676080300
351,iqaluit,63.7506,-68.5145,-35.15,66,0,2.57,CA,1676080300
352,mikuni,36.2171,136.1519,8.95,62,35,6.23,JP,1676080301
353,taoudenni,22.6783,-3.9836,21.43,15,100,10.03,ML,1676080301
354,miri,4.4148,114.0089,27.08,83,40,1.54,MY,1676080302
355,stroud,51.75,-2.2,9.11,92,100,1.88,GB,1676080303
356,huallanca,-9.8993,-76.9417,10.21,85,100,1.45,PE,1676080303
357,kailua,21.4022,-157.7394,27.99,65,40,8.75,US,1676080304
358,aksarka,66.5606,67.7975,-12.85,98,76,4.15,RU,1676080305
359,tura,25.5198,90.2201,18.56,54,1,0.88,IN,1676080014
360,yarada,17.65,83.2667,21.18,100,40,1.03,IN,1676080306
361,bethel,41.3712,-73.414,8.3,60,20,2.57,US,1676080306
362,curanilahue,-37.4667,-73.35,12.99,75,0,3.25,CL,1676080307
363,geraldton,-28.7667,114.6,25.23,50,0,7.72,AU,1676080308
364,ovalle,-30.5983,-71.2003,23.68,59,0,1.53,CL,1676080309
365,garowe,8.4054,48.4845,17.28,80,4,4.55,SO,1676080309
366,lexington,37.9887,-84.4777,5.62,74,100,3.6,US,1676080198
367,matagami,49.7502,-77.6328,-14.94,72,0,3.6,CA,1676080059
368,westport,41.1415,-73.3579,9.2,55,40,4.63,US,1676080311
369,clyde river,70.4692,-68.5914,-36.87,67,0,2.06,CA,1676080311
370,ponferrada,42.5466,-6.5962,2.9,60,0,0.89,ES,1676080312
371,olafsvik,64.8945,-23.7142,4.31,84,100,10.11,IS,1676080312
372,kaoma,-14.7833,24.8,17.71,95,100,1.66,ZM,1676080313
373,auki,-8.7676,160.7034,29.92,65,100,2.46,SB,1676080314
374,niwari,28.8833,77.5333,14.53,63,0,1.71,IN,1676080314
375,fomboni,-12.28,43.7425,27.46,74,100,4.8,KM,1676080315
376,saint-pierre,-21.3393,55.4781,24.82,65,0,2.57,RE,1676080316
377,reshetylivka,49.565,34.0782,-7.14,96,11,2.44,UA,1676080316
378,concordia,-31.393,-58.0209,30.44,49,0,1.79,AR,1676080317
379,shellbrook,53.2168,-106.4011,-2.43,80,51,6.35,CA,1676080317
380,sabang,5.8933,95.3214,26.92,77,79,4.84,ID,1676080318
381,torrijos,39.9819,-4.2835,1.96,79,0,5.41,ES,1676079947
382,yoichi,43.2039,140.7703,0.43,73,67,1.89,JP,1676080319
383,tarqui,2.1125,-75.8242,20.7,90,100,1.7,CO,1676080319
384,horta,38.5333,-28.6333,13.9,81,76,1.34,PT,1676080320
385,khor,47.8861,134.9464,-13.03,92,77,2.0,RU,1676080321
386,spencer,43.1414,-95.1444,-4.13,74,0,3.6,US,1676080304
387,narsaq,60.9167,-46.05,-5.88,97,63,1.33,GL,1676080322
388,san rafael del sur,11.8485,-86.4384,27.54,58,0,7.11,NI,1676080323
389,male,4.1748,73.5089,25.97,83,75,3.6,MV,1676080324
390,thessalon,46.2501,-83.5666,-3.84,93,13,2.44,CA,1676080324
391,saldanha,-33.0117,17.9442,20.51,63,0,1.44,ZA,1676080325
392,begoro,6.3871,-0.3774,22.34,93,12,1.74,GH,1676080326
393,mithi,24.7318,69.7981,16.77,89,0,3.47,PK,1676080326
394,naples,40.8333,14.25,9.03,69,0,3.09,IT,1676080327
395,okha,53.5739,142.9478,-20.27,85,11,2.49,RU,1676080328
396,oistins,13.0667,-59.5333,25.05,73,40,11.83,BB,1676080329
397,sonqor,34.7837,47.6004,-15.53,93,36,1.57,IR,1676080329
398,komsomolskiy,40.4272,71.7189,-2.6,80,75,3.09,UZ,1676080330
399,mackenzie,55.2999,-123.1698,2.12,87,75,2.06,CA,1676080332
400,alyangula,-13.8483,136.4192,28.72,71,99,2.49,AU,1676080332
401,kibre mengist,5.8833,38.9833,11.84,55,2,1.43,ET,1676080333
402,port-gentil,-0.7193,8.7815,27.47,80,100,3.45,GA,1676080334
403,hillsboro,45.5229,-122.9898,11.22,75,75,3.6,US,1676080259
404,faya,18.3851,42.4509,11.06,46,0,1.65,SA,1676080335
405,inhambane,-23.865,35.3833,25.5,92,100,3.52,MZ,1676080336
406,lieksa,63.3167,30.0167,-7.18,95,100,4.01,FI,1676080337
407,fort nelson,58.8053,-122.7002,-8.23,86,40,1.54,CA,1676080337
408,ikwiriri,-7.9562,38.9716,22.98,98,100,1.16,TZ,1676080338
409,lac du bonnet,50.2536,-96.0612,-3.77,84,92,4.89,CA,1676080339
410,chumikan,54.7183,135.315,-19.79,84,56,7.29,RU,1676080340
411,ponta delgada,37.7333,-25.6667,12.4,82,20,1.54,PT,1676080341
412,mananara,-16.1667,49.7667,22.37,95,90,1.91,MG,1676080341
413,coahuayana,18.7333,-103.6833,21.92,77,58,0.6,MX,1676080342
414,imbituba,-28.24,-48.6703,22.85,93,99,3.47,BR,1676080343
415,nome,64.5011,-165.4064,-15.96,66,0,8.23,US,1676080212
416,sohagpur,22.7,78.2,17.37,31,0,1.54,IN,1676080344
417,moose factory,51.2585,-80.6094,-17.01,71,0,2.06,CA,1676080345
418,tabory,58.5198,64.5495,-5.74,94,94,4.01,RU,1676080345
419,nisia floresta,-6.0911,-35.2086,27.21,83,100,2.76,BR,1676080346
420,ewa beach,21.3156,-158.0072,27.97,53,20,12.35,US,1676080347
421,emba,48.8264,58.1442,-13.95,98,94,3.59,KZ,1676080348
422,shenjiamen,29.9576,122.298,10.2,96,100,1.27,CN,1676080348
423,ko samui,9.5357,99.9357,27.95,78,20,2.57,TH,1676080349
424,pierre,44.3683,-100.351,3.51,60,0,4.12,US,1676080065
425,uporovo,56.3109,66.2693,-17.93,99,75,3.64,RU,1676080351
426,mirwah,13.9228,43.9176,18.13,59,5,2.45,YE,1676080351
427,kysyl-syr,63.8986,122.7617,-39.06,98,97,1.39,RU,1676080352
428,sullana,-4.9039,-80.6853,25.74,63,88,4.44,PE,1676080353
429,telemaco borba,-24.3239,-50.6156,18.2,99,100,1.64,BR,1676080353
430,anadyr,64.75,177.4833,-31.67,67,20,5.0,RU,1676080354
431,manggar,-2.8833,108.2667,28.42,75,100,5.68,ID,1676080354
432,tabas,33.5959,56.9244,0.12,80,53,1.03,IR,1676080355
433,voh,-20.9667,164.7,27.08,77,85,6.47,NC,1676080356
434,imeni stepana razina,54.8932,44.2963,-6.11,93,100,5.81,RU,1676080356
435,phetchaburi,12.9667,99.5833,28.7,60,2,0.66,TH,1676080357
436,pasir gudang,1.4584,103.8805,27.39,85,75,3.6,MY,1676080111
437,moldovita,47.6833,25.5333,-12.16,84,7,2.32,RO,1676080358
438,banepa,27.6298,85.5214,6.18,93,20,2.06,NP,1676080359
439,luwuk,-0.9516,122.7875,28.91,66,100,0.25,ID,1676080359
440,lagoa,39.05,-27.9833,14.11,75,66,5.0,PT,1676080360
441,ambikapur,23.1167,83.2,17.6,29,0,1.1,IN,1676080361
442,gubkinskiy,64.434,76.5026,-11.02,94,90,7.94,RU,1676080361
443,sorland,67.667,12.6934,-0.08,60,100,10.25,NO,1676080362
444,halifax,44.6453,-63.5724,6.93,93,56,4.63,CA,1676080361
445,warrington,53.3925,-2.5802,10.18,83,100,5.66,GB,1676080363
446,nayoro,44.3506,142.4578,-2.25,82,100,1.64,JP,1676080364
447,sarangani,5.4033,125.4636,27.49,70,84,2.83,PH,1676080365
448,tevriz,57.509,72.4042,-24.55,100,21,1.47,RU,1676080365
449,kushima,31.4583,131.2333,13.76,61,79,3.5,JP,1676080366
450,datong,40.0936,113.2914,-1.9,63,84,0.33,CN,1676080366
451,verkh-usugli,52.7,115.1667,-16.13,87,32,0.51,RU,1676080367
452,corinto,37.9407,22.9573,6.05,74,81,3.48,GR,1676080368
453,benjamin aceval,-24.9667,-57.5667,27.08,81,10,2.9,PY,1676080368
454,arazede,40.2863,-8.65,6.69,62,52,3.44,PT,1676080369
455,talaya,61.3833,152.75,-29.37,89,100,1.79,RU,1676080369
456,nanakuli,21.3906,-158.1547,27.97,46,20,11.83,US,1676080370
457,ulaangom,49.9811,92.0667,-21.93,90,96,1.25,MN,1676080371
458,nieves,15.3274,120.9485,26.73,52,13,2.76,PH,1676080372
459,half moon bay,37.4636,-122.4286,12.3,78,100,6.69,US,1676080085
460,tilichiki,60.4667,166.1,-23.19,82,100,5.16,RU,1676080373
461,vorukh,39.8494,70.5838,-8.91,64,87,3.46,TJ,1676080374
462,general roca,-39.0333,-67.5833,27.57,12,0,7.23,AR,1676080374
463,kutum,14.2,24.6667,16.59,19,4,2.64,SD,1676080375
464,rawson,-43.3002,-65.1023,23.91,39,8,3.88,AR,1676080376
465,alugan,12.2188,125.4808,26.7,82,85,6.63,PH,1676080376
466,capao bonito,-24.0058,-48.3494,18.66,98,84,0.53,BR,1676080377
467,ust-ilimsk,58.0006,102.6619,-24.3,100,89,2.08,RU,1676080378
468,scottsbluff,41.8666,-103.6672,5.13,42,0,2.06,US,1676080378
469,karratha,-20.7377,116.8463,32.24,58,5,8.21,AU,1676080379
470,yongan,39.6957,113.6871,0.87,46,52,0.86,CN,1676080379
471,grindavik,63.8424,-22.4338,4.97,93,100,6.17,IS,1676080380
472,guisa,20.255,-76.5386,20.68,84,0,2.39,CU,1676080381
473,san quintin,30.4833,-115.95,17.27,39,100,1.41,MX,1676080334
474,iberia,29.9502,-91.7507,12.98,76,0,0.0,US,1676080381
475,te anau,-45.4167,167.7167,20.05,45,53,0.73,NZ,1676080382
476,borogontsy,62.6683,131.1683,-35.49,95,83,1.48,RU,1676080383
477,ambilobe,-13.2,49.05,22.02,94,84,1.13,MG,1676080384
478,dingle,10.9995,122.6711,27.67,72,86,6.42,PH,1676080384
479,mandalgovi,45.7625,106.2708,-9.94,67,100,5.76,MN,1676080385
480,novobirilyussy,56.9514,90.6661,-31.07,100,99,1.47,RU,1676080386
481,joshimath,30.5667,79.5667,6.18,93,100,1.49,IN,1676080386
482,reconquista,-29.15,-59.65,29.2,38,16,2.17,AR,1676080213
483,college place,46.0493,-118.3883,7.23,71,100,1.79,US,1676080387
484,abu samrah,35.3029,37.1841,3.71,74,85,3.09,SY,1676080388
485,bosaso,11.2842,49.1816,22.29,79,1,1.23,SO,1676080390
486,puerto varas,-41.3195,-72.9854,16.12,77,40,2.06,CL,1676080390
487,north bend,43.4065,-124.2243,9.92,94,100,3.6,US,1676080356
488,kitob,39.0843,66.8332,-4.88,69,91,0.91,UZ,1676080392
489,caernarfon,53.1413,-4.2702,8.93,52,100,2.57,GB,1676080392
490,atar,20.5169,-13.0499,17.58,58,24,1.43,MR,1676080393
491,shumskiy,54.8318,99.1328,-19.44,97,72,0.76,RU,1676080394
492,ibra,22.6906,58.5334,17.22,62,0,0.19,OM,1676080394
493,payakumbuh,-0.2202,100.6308,26.11,65,55,1.01,ID,1676080395
494,sao simao,-21.4792,-47.5508,21.25,96,97,0.5,BR,1676080396
495,caravelas,-17.7125,-39.2481,24.33,88,5,2.64,BR,1676080396
496,jiuquan,39.7432,98.5174,-3.02,45,100,4.98,CN,1676080397
497,shaunavon,49.6501,-108.4181,-0.12,66,3,7.4,CA,1676080398
498,encheng,22.1839,112.3026,20.66,92,100,2.22,CN,1676080398
499,new bedford,41.6362,-70.9342,8.12,60,0,6.26,US,1676080399
500,santiago del estero,-27.7951,-64.2615,29.23,40,0,2.42,AR,1676080301
501,svetlogorsk,52.6333,29.7333,-3.68,95,95,4.41,BY,1676080400
502,omsukchan,62.5333,155.8,-28.92,84,100,2.06,RU,1676080401
503,dudinka,69.4058,86.1778,-6.44,93,100,7.43,RU,1676080401
504,aykhal,66.0,111.5,-34.51,100,100,4.47,RU,1676080402
505,raudeberg,61.9875,5.1352,6.09,51,100,9.11,NO,1676080403
506,whitehorse,60.7161,-135.0538,-4.57,68,75,4.63,CA,1676080350
507,pimentel,-6.8367,-79.9342,24.16,78,0,6.17,PE,1676080404
508,ahipara,-35.1667,173.1667,20.69,74,100,6.89,NZ,1676080405
509,sitangkai,4.6628,119.3928,27.34,76,58,3.57,PH,1676080406
510,champua,22.0833,85.6667,19.49,39,1,1.46,IN,1676080282
511,atambua,-9.1061,124.8925,26.13,79,100,2.82,ID,1676080179
512,ortakoy,38.7373,34.0387,-9.86,98,93,1.13,TR,1676080407
513,wadi maliz,36.4681,8.5495,3.81,82,45,1.09,TN,1676080408
514,dali,25.7,100.1833,9.63,46,2,2.3,CN,1676080409
515,yabassi,4.457,9.9682,24.35,93,20,0.5,CM,1676080409
516,nara,34.6851,135.8049,10.54,56,53,3.29,JP,1676080410
517,kaseda,31.4167,130.3167,13.34,69,82,1.45,JP,1676080410
518,chase,50.8165,-119.6857,3.49,97,100,1.0,CA,1676080411
519,cidreira,-30.1811,-50.2056,23.67,92,2,3.27,BR,1676080411
520,hede,33.7681,120.2517,4.82,90,100,4.1,CN,1676080412
521,xiaoshi,41.2971,124.1209,0.41,74,99,3.48,CN,1676080413
522,ngunguru,-35.6167,174.5,19.46,82,100,10.65,NZ,1676080413
523,lopukhiv,48.3653,23.9638,-10.18,95,14,0.59,UA,1676080414
524,balikpapan,-1.2675,116.8289,27.55,65,20,1.03,ID,1676080414
525,baisha,26.5222,110.9311,10.57,95,100,1.0,CN,1676080415
526,jodhpur,26.2867,73.03,16.75,51,0,1.37,IN,1676080416
527,wyndham,37.6985,-77.6125,12.89,52,0,2.24,US,1676080416
528,sao jose de piranhas,-7.1206,-38.5019,25.85,59,95,1.77,BR,1676080417
529,chimore,-16.9833,-65.1333,23.04,97,78,0.92,BO,1676080417
530,riohacha,11.5444,-72.9072,25.5,73,3,7.04,CO,1676080418
531,balaipungut,1.05,101.2833,24.07,87,96,1.44,ID,1676080419
532,bangangte,5.1409,10.5198,17.08,60,11,1.31,CM,1676080419
533,ojinaga,29.5667,-104.4167,9.67,40,0,2.06,MX,1676080420
534,la reforma,25.0833,-108.05,16.65,73,84,3.34,MX,1676080420
535,santa lucia,27.9117,-15.5407,11.62,72,20,5.66,ES,1676080374
536,rusne,55.2964,21.3758,1.86,97,100,11.59,LT,1676080421
537,ipixuna,-1.7625,-48.8043,23.43,96,99,1.58,BR,1676080422
538,puerto ayacucho,5.6639,-67.6236,27.47,57,92,1.72,VE,1676080422
539,bathsheba,13.2167,-59.5167,25.34,73,40,11.83,BB,1676080423
540,la sarre,48.8002,-79.1996,-15.69,91,69,3.04,CA,1676080247
541,skelleftea,64.7507,20.9528,-6.8,100,6,2.57,SE,1676080424
542,mao,39.8885,4.2658,4.31,75,0,2.06,ES,1676080315
543,the valley,18.217,-63.0578,25.05,68,0,9.55,AI,1676079845
544,menongue,-14.6585,17.691,17.75,77,82,0.69,AO,1676080425
545,kant,27.8,79.8,15.73,57,0,1.57,IN,1676080426
546,labuhan,-6.8844,112.2051,27.24,80,100,3.05,ID,1676080426
547,inverell,-29.7833,151.1167,30.93,35,2,3.13,AU,1676080427
548,neuquen,-38.9516,-68.0591,29.94,21,0,2.57,AR,1676080186
549,kisangani,0.5167,25.2,21.36,63,44,0.33,CD,1676080428
550,quincy,42.2529,-71.0023,6.98,64,0,9.77,US,1676080244
551,puerto princesa,9.7392,118.7353,28.99,74,40,7.2,PH,1676080429
552,varhaug,58.6147,5.6457,8.27,90,100,10.54,NO,1676080430
553,wahiawa,21.5028,-158.0236,26.18,56,0,11.83,US,1676080216
554,itarema,-2.9248,-39.9167,26.51,81,74,5.85,BR,1676080431
555,broome,42.2506,-75.833,3.7,81,100,3.09,US,1676080431
556,atocha,-20.9333,-66.2333,10.35,72,50,2.95,BO,1676080432
557,sukabumi,-6.9181,106.9267,23.22,86,100,1.42,ID,1676080432
558,gravdal,68.1214,13.5031,-0.1,64,100,10.22,NO,1676080433
559,campbell river,50.0163,-125.2446,9.74,87,75,0.0,CA,1676080434
560,nikel,69.4128,30.222,-12.9,93,72,3.17,RU,1676080434
561,tomatlan,19.9333,-105.25,20.03,71,43,0.5,MX,1676080435
562,sept-iles,50.2001,-66.3821,-10.0,84,100,5.14,CA,1676080435
563,guerrero negro,27.9769,-114.0611,17.62,38,79,4.08,MX,1676080158
564,panaba,21.2833,-88.2667,24.17,65,3,4.61,MX,1676080436
565,coihaique,-45.5752,-72.0662,10.34,96,96,5.03,CL,1676080437
566,ilebo,-4.3167,20.5833,23.64,69,57,0.5,CD,1676080437
567,hwange,-18.3693,26.5019,19.63,85,42,1.18,ZW,1676080438
568,stanislav,46.5691,32.1478,-1.41,62,1,4.08,UA,1676080438
569,jijiga,9.35,42.8,13.62,26,7,3.02,ET,1676080439
570,asau,46.4333,26.4,-12.49,88,24,3.06,RO,1676080439
571,sisimiut,66.9395,-53.6735,-27.48,100,91,2.24,GL,1676080440
572,port keats,-14.25,129.55,25.93,85,100,3.16,AU,1676080440
573,linxi,39.7,118.4333,4.34,62,5,3.36,CN,1676080441
574,karasjok,69.4719,25.5112,-7.82,88,100,6.16,NO,1676080442
575,toora-khem,52.4675,96.11,-23.15,99,100,0.13,RU,1676080442
576,nemuro,43.3236,145.575,-2.02,86,100,5.63,JP,1676080443
577,mersing,2.4312,103.8405,25.95,89,40,2.06,MY,1676080444
578,oyama,36.3,139.8,10.33,51,3,1.2,JP,1676080445
579,veraval,20.9,70.3667,20.63,75,0,4.53,IN,1676080200
580,topolobampo,25.6,-109.05,16.18,68,97,5.17,MX,1676080446
